,precision,recall,f1-score,support
0,0.925326695706285,0.875736160188457,0.8998487140695915,1698.0
1,0.4631043256997455,0.6026490066225165,0.5237410071942447,302.0
accuracy,0.8345,0.8345,0.8345,0.8345
macro avg,0.6942155107030152,0.7391925834054868,0.7117948606319181,2000.0
weighted avg,0.8555311178352976,0.8345,0.8430564503314141,2000.0
